磁场强度/nT,time
49412.08,095620
49034.047,095625
49434.87,095630
49452.633,095635
49535.242,095640
49494.016,095645
49365.82,095650
49349.13,095655
49436.91,095700
49408.742,095705
49406.582,095710
49406.19,095715
49404.87,095720
49406.52,095725
49405.438,095730
49406.125,095735
49406.07,095740
49406.105,095745
49404.562,095750
49398.652,095755
49399.086,095800
49403.625,095805
49402.258,095810
49401.062,095815
49405.273,095820
49402.945,095825
49401.68,095830
49401.652,095835
49400.992,095840
49402.555,095845
49402.496,095850
49402.586,095855
49402.5,095900
49402.656,095905
49402.773,095910
49402.195,095915
49402.42,095920
49402.49,095925
49402.496,095930
49402.492,095935
49402.508,095940
49402.703,095945
49402.832,095950
49402.7,095955
49402.715,100000
49402.43,100005
49402.582,100010
49401.92,100015
49402.168,100020
49402.19,100025
49402.21,100030
49401.79,100035
49401.965,100040
49401.99,100045
49402.2,100050
49402.605,100055
49405.29,100100
49405.242,100105
49405.367,100110
49405.36,100115
49398.54,100120
49403.293,100125
49403.285,100130
49391.742,100135
49388.195,100140
49387.6,100145
49388.105,100150
49388.113,100155
49388.05,100200
49388.1,100205
49388.008,100210
49387.492,100215
49387.676,100220
49387.844,100225
49387.703,100230
49387.88,100235
49387.895,100240
49387.89,100245
49387.773,100250
49388.113,100255
49387.965,100300
49387.785,100305
49387.598,100310
49387.242,100315
49385.3,100320
49385.344,100325
49384.82,100330
49388.613,100335
49387.895,100340
49387.84,100345
49387.906,100350
49387.75,100355
49387.242,100400
49386.94,100405
49387.77,100410
49387.906,100415
49387.87,100420
49387.875,100425
49387.758,100430
49387.934,100435
49388.023,100440
49387.57,100445
49387.035,100450
49387.133,100455
49387.168,100500
49387.426,100505
49387.605,100510
49387.016,100515
49387.66,100520
49388.09,100525
49387.62,100530
49387.49,100535
49387.523,100540
49387.6,100545
49387.56,100550
49387.508,100555
49386.93,100600
49387.074,100605
49387.1,100610
49387.176,100615
49387.348,100620
49387.61,100625
49387.77,100630
49387.758,100635
49387.582,100640
49387.54,100645
49387.277,100650
49386.992,100655
49387.414,100700
49387.41,100705
49387.395,100710
49387.242,100715
49387.23,100720
49387.31,100725
49387.156,100730
49387.453,100735
49387.434,100740
49387.066,100745
49387.004,100750
49385.496,100755
49386.203,100800
49386.78,100805
49386.79,100810
49386.867,100815
49386.86,100820
49386.844,100825
49386.95,100830
49387.047,100835
49387.094,100840
49387.023,100845
49386.797,100850
49386.668,100855
49386.63,100900
49386.625,100905
49386.65,100910
49386.566,100915
49386.582,100920
49386.445,100925
49386.484,100930
49386.52,100935
49386.555,100940
49386.555,100945
49386.562,100950
49386.574,100955
49386.78,101000
49386.82,101005
49386.902,101010
49386.94,101015
49386.98,101020
49386.973,101025
49386.97,101030
49386.938,101035
49386.945,101040
49386.883,101045
49386.85,101050
49386.56,101055
49386.406,101100
49386.473,101105
49386.55,101110
49386.43,101115
49386.36,101120
49386.4,101125
49386.49,101130
49386.484,101135
49386.47,101140
49386.453,101145
49386.312,101150
49386.152,101155
49386.105,101200
49386.016,101205
49386.055,101210
49386.33,101215
49386.492,101220
49386.6,101225
49386.766,101230
49386.93,101235
49386.74,101240
49386.53,101245
49386.336,101250
49386.297,101255
49386.336,101300
49386.33,101305
49386.35,101310
49386.156,101315
49386.453,101320
49386.844,101325
49387.05,101330
49387.113,101335
49386.94,101340
49386.99,101345
49387.047,101350
49387.11,101355
49387.094,101400
49387.1,101405
49387.09,101410
49387.242,101415
49387.47,101420
49386.883,101425
49386.348,101430
49386.152,101435
49386.62,101440
49386.758,101445
49386.61,101450
49386.44,101455
49386.387,101500
49386.36,101505
49386.164,101510
49386.09,101515
49386.086,101520
49385.95,101525
49385.89,101530
49385.766,101535
49385.9,101540
49386.188,101545
49386.32,101550
49386.242,101555
49386.395,101600
49386.336,101605
49386.234,101610
49386.11,101615
49386.117,101620
49386.293,101625
49386.363,101630
49386.34,101635
49386.12,101640
49386.016,101645
49385.953,101650
49385.926,101655
49386.113,101700
49386.21,101705
49386.223,101710
49386.254,101715
49386.53,101720
49386.598,101725
49386.52,101730
49386.156,101735
49386.113,101740
49386.203,101745
49386.195,101750
49386.258,101755
49386.19,101800
49386.22,101805
49386.14,101810
49386.215,101815
49386.586,101820
49386.28,101825
49386.35,101830
49386.105,101835
49385.91,101840
49385.918,101845
49385.977,101850
49386.227,101855
49386.344,101900
49386.297,101905
49386.336,101910
49386.31,101915
49386.074,101920
49385.703,101925
49385.598,101930
49385.504,101935
49385.64,101940
49385.727,101945
49385.727,101950
49385.723,101955
49385.832,102000
49385.848,102005
49385.836,102010
49385.89,102015
49385.824,102020
49385.527,102025
49385.375,102030
49385.297,102035
49385.29,102040
49385.29,102045
49385.22,102050
49385.414,102055
49385.543,102100
49385.656,102105
49385.64,102110
49385.727,102115
49385.895,102120
49386.117,102125
49385.91,102130
49385.918,102135
49386.055,102140
49386.266,102145
49386.406,102150
49386.42,102155
49386.4,102200
49386.06,102205
49385.637,102210
49385.71,102215
49385.863,102220
49386.074,102225
49386.082,102230
49386.027,102235
49386.11,102240
49386.074,102245
49385.805,102250
49385.555,102255
49385.48,102300
49385.58,102305
49385.465,102310
49385.39,102315
49385.297,102320
49385.273,102325
49385.43,102330
49385.54,102335
49385.4,102340
49385.21,102345
49384.992,102350
49384.973,102355
49387.42,102400
49385.695,102405
49386.008,102410
49385.953,102415
49385.797,102420
49385.75,102425
49385.6,102430
49385.402,102435
49385.332,102440
49385.355,102445
49385.434,102450
49385.484,102455
49385.19,102500
49385.01,102505
49385.133,102510
49385.273,102515
49385.453,102520
49385.37,102525
49385.047,102530
49385.07,102535
49385.14,102540
49385.184,102545
49385.348,102550
49385.445,102555
49385.336,102600
49385.15,102605
49385.152,102610
49385.227,102615
49385.4,102620
49385.445,102625
49385.477,102630
49385.42,102635
49385.484,102640
49385.44,102645
49385.336,102650
49385.27,102655
49385.25,102700
49385.26,102705
49385.25,102710
49385.273,102715
49385.29,102720
49385.363,102725
49385.367,102730
49385.52,102735
49385.477,102740
49385.363,102745
49385.25,102750
49385.176,102755
49385.242,102800
49385.332,102805
49385.26,102810
49385.664,102815
49385.695,102820
49385.676,102825
49385.562,102830
49385.566,102835
49385.637,102840
49385.68,102845
49385.4,102850
49385.375,102855
49385.36,102900
49385.418,102905
49385.43,102910
49385.332,102915
49385.29,102920
49385.28,102925
49385.42,102930
49385.48,102935
49385.61,102940
49385.293,102945
49384.973,102950
49384.613,102955
49384.617,103000
49384.93,103005
49385.02,103010
49385.0,103015
49384.96,103020
49384.984,103025
49385.066,103030
49385.215,103035
49385.227,103040
49385.17,103045
49385.168,103050
49385.082,103055
49384.992,103100
49384.94,103105
49385.13,103110
49385.273,103115
49385.31,103120
49385.33,103125
49385.273,103130
49385.035,103135
49384.977,103140
49384.86,103145
49384.883,103150
49384.867,103155
49384.883,103200
49384.867,103205
49384.707,103210
49384.625,103215
49384.863,103220
49385.117,103225
49385.25,103230
49384.76,103235
49384.848,103240
49385.387,103245
49385.66,103250
49385.83,103255
49385.855,103300
49385.883,103305
49385.85,103310
49386.004,103315
49385.72,103320
49385.723,103325
49385.71,103330
49385.742,103335
49385.727,103340
49385.04,103345
49385.207,103350
49385.48,103355
49385.684,103400
49385.574,103405
49385.48,103410
49385.508,103415
49385.426,103420
49385.348,103425
49385.297,103430
49385.516,103435
49385.71,103440
49385.582,103445
49385.49,103450
49385.492,103455
49385.746,103500
49385.98,103505
49381.742,103510
49383.676,103515
49381.26,103520
49385.906,103525
49385.906,103530
49385.953,103535
49386.19,103540
49386.484,103545
49386.453,103550
49386.31,103555
49386.133,103600
49386.082,103605
49385.87,103610
49385.824,103615
49385.562,103620
49385.574,103625
49385.426,103630
49385.484,103635
49385.707,103640
49385.94,103645
49385.926,103650
49385.875,103655
49385.914,103700
49385.85,103705
49385.848,103710
49385.863,103715
49385.914,103720
49386.418,103725
49386.82,103730
49387.375,103735
49387.203,103740
49387.105,103745
49387.074,103750
49387.273,103755
49387.457,103800
49387.637,103805
49387.49,103810
49387.4,103815
49387.348,103820
49387.355,103825
49387.336,103830
49387.36,103835
49386.98,103840
49386.848,103845
49386.83,103850
49386.938,103855
49387.234,103900
49387.35,103905
49387.37,103910
49387.445,103915
49387.42,103920
49387.27,103925
49387.14,103930
49387.246,103935
49387.117,103940
49386.977,103945
49387.164,103950
49387.375,103955
49387.137,104000
49386.887,104005
49386.89,104010
49387.023,104015
49387.188,104020
49387.22,104025
49387.13,104030
49386.95,104035
49386.91,104040
49386.926,104045
49386.996,104050
49387.23,104055
49387.113,104100
49386.93,104105
49386.9,104110
49386.84,104115
49386.97,104120
49387.105,104125
49386.547,104130
49386.523,104135
49386.508,104140
49386.797,104145
49386.914,104150
49387.016,104155
49387.01,104200
49387.535,104205
49387.87,104210
49387.91,104215
49387.76,104220
49387.68,104225
49387.664,104230
49387.766,104235
49387.926,104240
49387.617,104245
49387.84,104250
49387.965,104255
49387.79,104300
49387.805,104305
49387.684,104310
49387.543,104315
49387.117,104320
49386.65,104325
49386.42,104330
49386.586,104335
49387.01,104340
49387.055,104345
49386.92,104350
49387.02,104355
49387.246,104400
49387.387,104405
49387.438,104410
49387.43,104415
49387.438,104420
49387.2,104425
49387.145,104430
49387.137,104435
49387.42,104440
49387.484,104445
49387.47,104450
49380.965,104455
49391.473,104500
49391.484,104505
49390.52,104510
49387.89,104515
49388.258,104520
49389.08,104525
49389.54,104530
49389.953,104535
49381.207,104540
49381.09,104545
49335.242,104550
49399.547,104555
49408.023,104600
49374.113,104605
49372.363,104610
49312.586,104615
49407.99,104620
